<?xml version="1.0" encoding="UTF-8"?>
<project-private xmlns="http://www.netbeans.org/ns/project-private/1">
    <editor-bookmarks xmlns="http://www.netbeans.org/ns/editor-bookmarks/2" lastBookmarkId="1">
        <file>
            <url>src/model/EncounterHistory.java</url>
            <bookmark id="1">
                <name/>
                <line>17</line>
                <key/>
            </bookmark>
        </file>
    </editor-bookmarks>
    <open-files xmlns="http://www.netbeans.org/ns/projectui-open-files/2">
        <group>
            <file>file:/C:/Users/kohli/OneDrive/Documents/NetBeansProjects/Assignment4/src/ui/displayPanel.java</file>
            <file>file:/C:/Users/kohli/OneDrive/Documents/NetBeansProjects/Assignment4/src/ui/AddPatient.java</file>
            <file>file:/C:/Users/kohli/OneDrive/Documents/NetBeansProjects/Assignment4/src/model/House.java</file>
            <file>file:/C:/Users/kohli/OneDrive/Documents/NetBeansProjects/Assignment4/src/model/VitalSigns.java</file>
            <file>file:/C:/Users/kohli/OneDrive/Documents/NetBeansProjects/Assignment4/src/ui/MainJFrame.java</file>
            <file>file:/C:/Users/kohli/OneDrive/Documents/NetBeansProjects/Assignment4/src/ui/Addvisit.java</file>
            <file>file:/C:/Users/kohli/OneDrive/Documents/NetBeansProjects/Assignment4/src/model/Patient.java</file>
            <file>file:/C:/Users/kohli/OneDrive/Documents/NetBeansProjects/Assignment4/src/ui/Picture1.jpg</file>
            <file>file:/C:/Users/kohli/OneDrive/Documents/NetBeansProjects/Assignment4/src/ui/NewJPanel.java</file>
            <file>file:/C:/Users/kohli/OneDrive/Documents/NetBeansProjects/Assignment4/src/ui/Addperson.java</file>
        </group>
    </open-files>
</project-private>
